Timestamp,Photo of container,Name of drink (optional),Colour,Cartoon / Characters,Fonts,How informative is the label in describing the contents,First impression,What is it really
5/19/2018 16:48:22,https://drive.google.com/open?id=1fZfI1khEaBmReiClo4lFVF_ysAHqQ2Ae,,1,6,5,7,Clearly Alcohol,Alcoholic
5/19/2018 17:05:31,https://drive.google.com/open?id=1whLU6NLHAX4VPIwPBKGZWhvjExTgyk9L,Milkshark,8,8,5,4,Probably Alcohol,Alcoholic
5/19/2018 17:08:19,https://drive.google.com/open?id=12eRymz2jZ5ZgwVDC1hmrfFGX5CWyV4GT,Sapparo,5,1,1,10,Clearly Alcohol,Alcoholic
5/19/2018 17:11:47,https://drive.google.com/open?id=100cvB0EUkbAqKJt7e0EOjfPu7fXmOI7m,Busch Beer,4,4,3,9,Clearly Alcohol,Alcoholic
5/19/2018 17:12:24,https://drive.google.com/open?id=1EK5NwBX_prrrOtbzN1FQLbFS3QE8Cv2a,Beavertown Gammaray,8,8,6,3,Probably Alcohol,Alcoholic
5/19/2018 17:14:09,https://drive.google.com/open?id=1Mc2LlfQA6ApoJ_yoT--aHY6V_8eTNBVF,Moondog Craft,8,1,7,9,Clearly Alcohol,Alcoholic
5/19/2018 17:14:42,https://drive.google.com/open?id=1EyjdGyxFDdczbWszy3-kb8kUlciXz7Al,Beavertown Lupoid,7,8,7,2,Probably Alcohol,Alcoholic
5/19/2018 17:17:04,https://drive.google.com/open?id=19s6EGC2FrfWLgGQMTvsoyhsLpASqGkgM,Smirnoff Ice,3,2,4,7,Clearly Alcohol,Alcoholic
5/19/2018 17:18:02,https://drive.google.com/open?id=1LHPnu6W92Ht_ir-9JtOfQQMynWy12cVY,Corona Extra,7,1,2,8,Clearly Alcohol,Alcoholic
5/19/2018 17:18:26,https://drive.google.com/open?id=1QfyFEKeCeclVlfImXnvDqNLZ1u81HKRN,,4,1,3,6,Probably Alcohol,Alcoholic
5/19/2018 17:19:22,https://drive.google.com/open?id=1zpnjhJ3ZZts4CUGQ8U22V3hyG7MoGPlj,33 Export Lager,9,2,2,9,Clearly Alcohol,Alcoholic
5/19/2018 17:19:47,https://drive.google.com/open?id=1Ir4mX6mdd8x_VACrKsaMFEKOQqwjCatV,Tiger Lager Beer,7,1,2,9,Clearly Alcohol,Alcoholic
5/19/2018 17:20:14,https://drive.google.com/open?id=1t5w41ZDJqVOSWyPxQtcCa9-xq6GgBLQ7,Heineken,7,1,2,9,Clearly Alcohol,Alcoholic
5/19/2018 17:21:21,https://drive.google.com/open?id=1VmMjK-DlGCEg8s9WYMyUFX2E2B9nnSCD,Harviestoun,4,1,2,9,Clearly Alcohol,Alcoholic
5/19/2018 17:21:30,https://drive.google.com/open?id=1MEpdErLz4UzLzWSabBTZNl3pYzodM8a1,Beavertown Neck Oil,7,5,6,4,Really can't tell,Alcoholic
5/19/2018 17:21:37,https://drive.google.com/open?id=1C1zHFJLNaLxcvLooHhMV59eTRPTY1nmP,Neweiller's beer,5,1,1,9,Clearly Alcohol,Alcoholic
5/19/2018 17:23:56,https://drive.google.com/open?id=18Oxmcqqpv9hzPr1Ht8Q2UXM2WNw3HN-Q,Crossing The Rubicon,8,7,6,3,Really can't tell,Alcoholic
5/19/2018 17:24:24,https://drive.google.com/open?id=1e96yatIEJ1PCrX1pxW60pcRBdZTrB7HN,Country Club,3,1,3,4,Probably Alcohol,Alcoholic
5/19/2018 17:25:08,https://drive.google.com/open?id=15SCHNNfpyyVp5h0Sj19LSifQmja6oYpM,Mtn DEW,4,1,3,1,Really can't tell,Non-alcoholic
5/19/2018 17:25:26,https://drive.google.com/open?id=1T5rLIr5mk1ybwcW8lGlACXIUS-eOpQxK,Bud Light,4,1,2,5,Clearly Alcohol,Alcoholic
5/19/2018 17:25:33,https://drive.google.com/open?id=1xCN3ClJAj8qeVG9ZUxqGxE5Grrzr50ky,Disco Forklift Truck,10,8,8,2,Probably non-alcoholic,Alcoholic
5/19/2018 17:26:01,https://drive.google.com/open?id=1gaHuRxZUTgeRPek69HojKHIlxUCokHDw,Verdant Even Sharks Need Water,7,7,4,7,Clearly Alcohol,Alcoholic
5/19/2018 17:26:19,https://drive.google.com/open?id=1YBTj3DqVrwnvj4uS9oVfelnqHSE80FZj,Kingfisher,7,1,3,8,Clearly Alcohol,Alcoholic
5/19/2018 17:27:04,https://drive.google.com/open?id=1j9983U8gg1S8j9KcL8TEx7A9DCdzcsd5,Gulder,4,1,1,9,Clearly Alcohol,Alcoholic
5/19/2018 17:28:07,https://drive.google.com/open?id=1-qn5o_NRDSdUQc9bDUP4_34SDbY34rDk,Star Lite,6,1,1,8,Clearly Alcohol,Alcoholic
5/19/2018 17:28:45,https://drive.google.com/open?id=1S_7weeQX6ruXaKt8phmR1WBuca9rKHii,Orinoco Breakfast Stout,8,7,7,5,Probably Alcohol,Alcoholic
5/19/2018 17:28:56,https://drive.google.com/open?id=1n3QOkE5sBFiuEC14EgdH3MBeB3axsuRr,Tusker,4,7,2,9,Clearly Alcohol,Alcoholic
5/19/2018 17:29:11,https://drive.google.com/open?id=1JHso8z2DTqrAmY4C6m3OezMh2SnVT8Xb,Seven up,4,3,4,10,Clearly non-alcoholic,Non-alcoholic
5/19/2018 17:29:51,https://drive.google.com/open?id=1TIhI1D9dYZD3hMH7Yk_pGBRKzOjd_70B,Dublin Guinness,1,1,2,9,Clearly Alcohol,Alcoholic
5/19/2018 17:31:04,https://drive.google.com/open?id=1ked7voNY59BIQcH5McqLV8dF9tODbFSZ,Yossamer Half Acre,4,3,3,4,Probably Alcohol,Alcoholic
5/19/2018 17:31:19,https://drive.google.com/open?id=1m4xeugkrcEwYwUOcbP2Q5Ce1G_7cJmIu,Quidi Vidi,2,1,1,9,Clearly Alcohol,Alcoholic
5/19/2018 17:32:49,https://drive.google.com/open?id=1YjlbjyBrrr4gDT2UxriinTFOIHMhBiXT,Carlsberg,4,1,8,2,Really can't tell,Alcoholic
5/19/2018 17:33:50,https://drive.google.com/open?id=1U4ue3yJd-3f2m1gfRmaEaTGJHnN0CPe2,Corona Extra,2,2,3,8,Probably Alcohol,Alcoholic
5/19/2018 17:34:16,https://drive.google.com/open?id=1KRSJ73G_zDEET6AJ1zd4x6QysBtaQb8u,Southern Latitude,3,1,5,3,Probably Alcohol,Alcoholic
5/19/2018 17:35:26,https://drive.google.com/open?id=1FByQmNMJuiuVqypaufdmrtyTv4hQE7dR,Peroni,7,1,1,7,Probably Alcohol,Alcoholic
5/19/2018 17:35:50,https://drive.google.com/open?id=1Yw5eMzpZHchbz6CHn1pyLgnh8u1CsxHC,Good People Pale Ale,4,2,4,4,Clearly Alcohol,Alcoholic
5/19/2018 17:36:25,https://drive.google.com/open?id=1iHkQAQT_Mcz9ZKfrVCmhID45ZcSflDdZ,Lilt,9,6,8,10,Clearly non-alcoholic,Non-alcoholic
5/19/2018 17:36:51,https://drive.google.com/open?id=1iomInpAXvTXoclhqoe_6l86iI4aVRWVZ,Billy Beer,5,1,2,8,Clearly Alcohol,Alcoholic
5/19/2018 17:37:00,https://drive.google.com/open?id=1QGLNo7CP6OaR5IWwdCDq07A8Lckqugng,Driftwood Ales,3,1,3,7,Clearly Alcohol,Alcoholic
5/19/2018 17:37:02,https://drive.google.com/open?id=1WUWhqZQ4d0vpdUWiMeQqneMEctKU66E_,,8,4,7,7,Probably Alcohol,Alcoholic
5/19/2018 17:38:28,https://drive.google.com/open?id=1LkN7WsFkmy5SlO-lM-v0dSMhH4BkS_xX,,7,2,4,3,Probably Alcohol,Alcoholic
5/19/2018 17:40:47,https://drive.google.com/open?id=1xjjBV_cMEMP9G7JA-aUiK4tU39z7pmju,Chang Beer,4,1,2,10,Clearly Alcohol,Alcoholic
5/19/2018 17:41:00,https://drive.google.com/open?id=1PAi95OCHTdI4oiPWD8MAqQYBNpIZ5Ykl,sanpellegrino,6,2,2,10,Probably non-alcoholic,Non-alcoholic
5/19/2018 17:41:59,https://drive.google.com/open?id=1YIzK_IFmhMmF2RW-oFliNvbPtdoV-rsH,Fascist Pig,7,8,9,7,Clearly Alcohol,Alcoholic
5/19/2018 17:43:13,https://drive.google.com/open?id=1x0XgmUNr-HPAdxBdZEa2vIzly4M71h9J,Morph,1,7,3,2,Really can't tell,Alcoholic
5/19/2018 17:43:39,https://drive.google.com/open?id=1O2s2aXOCfoLV_Qyvc7mA-t8gO2dJ6aHF,Bikini Beer,6,5,4,10,Clearly Alcohol,Alcoholic
5/19/2018 17:44:19,https://drive.google.com/open?id=1bV_CSKAUy7rljBzYK40iL3UnfYAY_LCE,Ghost Pale Ale,2,2,3,7,Clearly Alcohol,Alcoholic
5/19/2018 17:45:50,https://drive.google.com/open?id=12ofM7BcOP7-tdAwYdm8vB_VQ6ZLbmheC,Bavaria,4,1,1,9,Clearly Alcohol,Non-alcoholic
5/19/2018 17:46:17,https://drive.google.com/open?id=1bDkIFG8WfOTZ1XDMVhtG01xQTL4jCCo7,Bozo Beer,3,1,3,9,Clearly Alcohol,Alcoholic
5/19/2018 17:47:26,https://drive.google.com/open?id=19y7PH3koXPwT0yfPpdAv9PC37QHkKdXx,Creature Comforts Tropicalia,7,4,6,6,Clearly Alcohol,Alcoholic
5/19/2018 17:48:04,https://drive.google.com/open?id=11cFygOBAUekUczC8hCWZkEx6NX4OkgUe,Brewdog Elvis Juice,5,1,2,5,Clearly Alcohol,Alcoholic
5/19/2018 17:48:38,https://drive.google.com/open?id=1yb4PlGj6gJqYrlZvphoGzoHJ9WMeREbo,Fox Deluxe,10,7,4,9,Clearly Alcohol,Alcoholic
5/19/2018 17:48:57,https://drive.google.com/open?id=1TCoNlqQ-WRon2UNf5BIdnetnu7QHOBLz,tree top,6,1,2,10,Probably non-alcoholic,Non-alcoholic
5/19/2018 17:49:48,https://drive.google.com/open?id=1TCIVUEi5h6myBJzP1P3FX5FKt64JUMH1,Murdered Out Stout,2,1,2,3,Probably Alcohol,Alcoholic
5/19/2018 17:50:37,https://drive.google.com/open?id=1FQPbKQAvg9s80OVegzyzq7h9h8rkdKhZ,Fiery Ginger Beer,7,2,7,1,Probably non-alcoholic,Alcoholic
5/19/2018 17:51:03,https://drive.google.com/open?id=1saCjz81WH5zybxJm5pAdkH58G73ZfvDc,Mad Tree,6,2,5,2,Probably non-alcoholic,Alcoholic
5/19/2018 17:51:31,https://drive.google.com/open?id=1iPWGXv9qP7jItbD4T3uSWMYN8vH_Ztkf,britvic,4,1,2,5,Probably Alcohol,Non-alcoholic
5/19/2018 17:52:18,https://drive.google.com/open?id=1CQ6ZSkY6D8AOOgyG9nR6JEHiP5MqES2i,Sir Taste-A-Lot,4,4,4,4,Probably Alcohol,Alcoholic
5/19/2018 17:53:30,https://drive.google.com/open?id=1sVEiPlwhgOO2iN_xyYyOGOwenR8Mgssz,Upslope Foreign Stout,1,1,4,6,Clearly Alcohol,Alcoholic
5/19/2018 17:53:35,https://drive.google.com/open?id=1eVXcTKeY3ckD1sDFCYCz2lK72eg__xHG,Heineken,6,1,2,10,Clearly Alcohol,Alcoholic
5/19/2018 17:54:49,https://drive.google.com/open?id=1ImyAJsCq4fyoPlhYHev0z9GMlQK-4ajz,Boddington's Draught,8,3,4,4,Probably Alcohol,Alcoholic
5/19/2018 17:54:51,https://drive.google.com/open?id=12c9aoc71aVlQGH2YX3wCanNnpH_d5VKv,sanpellegrino,7,4,4,9,Probably non-alcoholic,Non-alcoholic
5/19/2018 17:56:24,https://drive.google.com/open?id=1LYjSW2TnrCfZd_i7X8JjY5hOY5AG93H4,Lawn Mower,4,5,3,5,Clearly Alcohol,Alcoholic
5/19/2018 17:56:36,https://drive.google.com/open?id=1ii7b4ryzIA4KKdP7_jlpO7gMaCq9J1v5,Peerless Beer,6,1,4,10,Clearly Alcohol,Alcoholic
5/19/2018 17:57:45,https://drive.google.com/open?id=1tPWPTGh0agE3rL6a4fAfFb-Q70IhmdYO,Duckpin,3,2,3,3,Probably Alcohol,Alcoholic
5/19/2018 17:58:30,https://drive.google.com/open?id=1LOfw2JueZiXZjqBwTH0csHoqbSUq9O_w,All-free,3,3,8,8,Probably non-alcoholic,Non-alcoholic
5/19/2018 17:58:56,https://drive.google.com/open?id=12xVbZselREXKifI7CmZZrHpEAkv3dYel,,4,6,3,5,Clearly Alcohol,Alcoholic
5/19/2018 17:58:59,https://drive.google.com/open?id=1TQwoWBCuoiMs7M88tEGbCuhsEpu-QVCB,Tuborg,5,1,1,1,Probably Alcohol,Alcoholic
5/19/2018 18:00:24,https://drive.google.com/open?id=11FHa7KMqr3HIT7u4ZDLe47uOtbEhXJ93,Stoney Ginger Beer,2,1,2,1,Probably Alcohol,Alcoholic
5/19/2018 18:00:52,https://drive.google.com/open?id=1UXeUJGq72VpOJ03rXhvXSHBSoJMhXtkI,Lucky U,6,4,3,4,Probably Alcohol,Alcoholic
5/19/2018 18:01:24,https://drive.google.com/open?id=1-GEzC1jc3JVXDLKX8pI1nLocC1FbbZWK,Sunnyside,9,7,8,8,Clearly non-alcoholic,Alcoholic
5/19/2018 18:02:12,https://drive.google.com/open?id=1BCGBz01EWfiadc8VZftydiDY_OQYeyeb,,3,2,3,9,Clearly Alcohol,Alcoholic
5/19/2018 18:02:13,https://drive.google.com/open?id=1nkmUewVqT6jXXpAxl8jsNxNHiEKw3mAe,Original Beer,5,1,2,10,Clearly Alcohol,Alcoholic
5/19/2018 18:02:20,https://drive.google.com/open?id=18DDJoQ1NeinTvu_9OqDlaw_-aSXaPFI5,Abominable Winter Ale,8,8,4,4,Really can't tell,Alcoholic
5/19/2018 18:03:13,https://drive.google.com/open?id=1ED9P-KGLlN2h-CFAKWATLXhh5y4Xl3Z3,Hackney Push Eject,10,8,5,2,Really can't tell,Alcoholic
5/19/2018 18:03:25,https://drive.google.com/open?id=1w9uoquu2q4d5sXohte9aQXDusmA5-mvp,Beer,1,1,1,10,Clearly Alcohol,Alcoholic
5/19/2018 18:03:44,https://drive.google.com/open?id=1MsL4SYxERKaly-FBQRYJ7vcxWarL7jKe,Baby blue/ pink,8,5,9,3,Probably Alcohol,Alcoholic
5/19/2018 18:03:54,https://drive.google.com/open?id=13FFBqewY-6gkT52RnwUcmDvgUgDsULPB,Coffee Oatmeal,4,2,3,3,Probably Alcohol,Alcoholic
5/19/2018 18:04:22,https://drive.google.com/open?id=1UfNngLUhZ4Ohzx3POJJGivEp5C3diwoZ,IZZE,2,1,6,7,Probably non-alcoholic,Non-alcoholic
5/19/2018 18:04:28,https://drive.google.com/open?id=137rFUEB4nfTYaoc2z-Wd-6-Ni_aHICrl,Beck's Beer,4,1,1,10,Clearly Alcohol,Alcoholic
5/19/2018 18:05:12,https://drive.google.com/open?id=1LgjuUgdXnYl-B_dzUiZerPZj_LNmipte,big beastie,9,6,5,9,Really can't tell,Alcoholic
5/19/2018 18:05:17,https://drive.google.com/open?id=1AIWrw355FKKKp2klo1Yrqt_-96GaaESw,Hoots Lager,1,2,4,3,Probably Alcohol,Alcoholic
5/19/2018 18:06:06,https://drive.google.com/open?id=1e1VZ727rIMu67gqny3DyC_mv5OCJ7eTE, Cloudwater: DDH IPA Vic Secret,7,1,1,3,Probably Alcohol,Alcoholic
5/19/2018 18:06:15,https://drive.google.com/open?id=1MHwNkjeF0-rTCAPmB5UqXAf6rwm0y_ep,MOTTS,9,1,4,10,Clearly non-alcoholic,Non-alcoholic
5/19/2018 18:06:19,https://drive.google.com/open?id=1D9LIhAdFVa8kNGusGvQtuy9KR4VWn4kF,Blackout,3,1,2,5,Clearly Alcohol,Alcoholic
5/19/2018 18:06:21,https://drive.google.com/open?id=1t8EUF79OxbIgk2r3DJ0kQTZcsdJ2zDcv,Grayton Beer Company,9,6,4,5,Probably Alcohol,Alcoholic
5/19/2018 18:06:37,https://drive.google.com/open?id=1oBn3iVMUa8TkzoOK8MBwLz_2CuuggWks,Lift Off,3,6,3,4,Probably Alcohol,Alcoholic
5/19/2018 18:07:29,https://drive.google.com/open?id=1neiRKiFkN9q0voxHRiz265Eo3S5r8KdT,,2,3,6,1,Probably Alcohol,Alcoholic
5/19/2018 18:07:47,https://drive.google.com/open?id=1kwT-aWrrNwc5fVeNrpaIJnW6KodkoIYd,Busch Lager,4,1,1,9,Clearly Alcohol,Alcoholic
5/19/2018 18:08:05,https://drive.google.com/open?id=1M3Gu3ASBRH_jVSEQmGWov06fqAVlc_qr,Rubicon,7,7,6,3,Probably non-alcoholic,Non-alcoholic
5/19/2018 18:08:33,https://drive.google.com/open?id=1BD6IN0Dz8gjUU5OwL4T4AxT-C6QgpMEf,,7,5,7,4,Probably Alcohol,Alcoholic
5/19/2018 18:09:56,https://drive.google.com/open?id=1b9zPqZgVLUZo4yzCPFjSlWFRcKRjYbSP,,6,7,7,5,Probably Alcohol,Alcoholic
5/19/2018 18:10:00,https://drive.google.com/open?id=1lSATBbfaRK4JwGtk3t_PMIiZXYPfUlP9,Boddington's drought bitter,10,9,6,3,Clearly Alcohol,Alcoholic
5/19/2018 18:10:00,https://drive.google.com/open?id=1ue56GMe7eL1MOmqsF2aPL1I836GHv-UH,De Vina,6,6,3,1,Probably non-alcoholic,Non-alcoholic
5/19/2018 18:11:02,https://drive.google.com/open?id=1iUOGhoLGf9y4f4e_6Tep5c6GeEgKwJIJ,,3,5,7,4,Probably Alcohol,Alcoholic
5/19/2018 18:11:17,https://drive.google.com/open?id=1qSpC-i5ANcqSqu3IG_whHQBS5WwCROVy,Marooned on Hog Island,3,6,4,2,Really can't tell,Alcoholic
5/19/2018 18:11:42,https://drive.google.com/open?id=1nWumF5HHgotaW6EnVx-rCWKYoPLZ16y3,Heineken,6,1,1,10,Clearly Alcohol,Alcoholic
5/19/2018 18:12:23,https://drive.google.com/open?id=1u8EicKDHL8kZpp1wPwp1HKv6AVrYSkAs,,2,1,3,1,Probably Alcohol,Alcoholic
5/19/2018 18:12:29,https://drive.google.com/open?id=11Z3UNFqMzrdYAQexHCZhfPRdA2RdOYK7,Flat Tire,5,8,9,10,Clearly Alcohol,Non-alcoholic
5/19/2018 18:12:31,https://drive.google.com/open?id=1pgE-3MCVU5CIHFc79wXGUV_WMhAw17ZA,Nick Z,3,7,3,1,Probably Alcohol,Alcoholic
5/19/2018 18:13:03,https://drive.google.com/open?id=1wVSKr8qtvHRbHQzCzpMFXz-Ks2b_t6TX,Brotherhood Steam,3,3,6,5,Probably Alcohol,Alcoholic
5/19/2018 18:13:34,https://drive.google.com/open?id=1z__OhI2FTwTKIsn3rRl8FIKkeiXAFAw3,Guiness,2,1,1,2,Probably Alcohol,Alcoholic
5/19/2018 18:13:45,https://drive.google.com/open?id=1Czkt3Q9LVkyhLqglbRtrHXmjMT01uHmQ,,4,4,5,1,Really can't tell,Alcoholic
5/19/2018 18:14:05,https://drive.google.com/open?id=1Kx6ykoyxRcvt1TxYXAQ2zCYTISgLhoXb,Hardwork,3,3,4,5,Clearly Alcohol,Alcoholic
5/19/2018 18:14:08,https://drive.google.com/open?id=1EMc0VQYP6SZnfHPE18zKFiq4rOVoh1OC,Minute Maid,7,1,8,10,Probably non-alcoholic,Non-alcoholic
5/19/2018 18:14:50,https://drive.google.com/open?id=1aRFXLFTTZaZ6jE4P5GeUD9wPSunfBVhD,Olde English 800,1,1,1,10,Clearly Alcohol,Alcoholic
5/19/2018 18:14:55,https://drive.google.com/open?id=1ycH8N8PTD4BoR6uGFTszrrodp-9iyMX7,,6,6,6,3,Really can't tell,Alcoholic
5/19/2018 18:15:00,https://drive.google.com/open?id=1ueyufp4c935SEaOtw3qCdMsI4c62uwdu,Hop Trial,3,1,4,8,Clearly Alcohol,Alcoholic
5/19/2018 18:16:03,https://drive.google.com/open?id=1jgX71f7JKH4Vp8Vo-LuzrOiQO3f6M_Lt,,9,6,6,1,Really can't tell,Alcoholic
5/19/2018 18:16:34,https://drive.google.com/open?id=1rHDYaUnAgih1qlA_ipAzEFGlkqOjb_ZC,Mirinda,10,5,5,3,Probably non-alcoholic,Non-alcoholic
5/19/2018 18:17:17,https://drive.google.com/open?id=13F2ItFiV7QQsHjCq9tAOUfzcm5IsK7Nx,,8,6,8,1,Probably non-alcoholic,Alcoholic
5/19/2018 18:18:34,https://drive.google.com/open?id=1rDSeRAhOcjzvRsqaPHBDE2DCH1AGTaUC,,6,10,5,3,Probably Alcohol,Alcoholic
5/19/2018 18:19:10,https://drive.google.com/open?id=13Ep4JO-_8CbrEOTfIkycgyWK6rAkeJ-f,Welchs,6,1,5,10,Probably non-alcoholic,Non-alcoholic
5/19/2018 18:19:44,https://drive.google.com/open?id=1MQIvA4vCIPiUjfEX8OJFcsx3s3xQ6KGy,,9,5,5,1,Clearly non-alcoholic,Alcoholic
5/19/2018 18:20:42,https://drive.google.com/open?id=1s80xWK-ttvNbGK9Eg8V6cwHJU_BWKS9x,,4,4,5,1,Probably non-alcoholic,Alcoholic
5/19/2018 18:21:00,https://drive.google.com/open?id=1jsBfp0CGCtm7aHnLZc7w6SWHzXue9OiY,malta,6,1,3,5,Clearly Alcohol,Non-alcoholic
5/19/2018 18:21:56,https://drive.google.com/open?id=1BCQNMt5MkaQ2vR7L4YgF0F7bL_iekY15,,7,6,6,2,Really can't tell,Alcoholic
5/19/2018 18:22:46,https://drive.google.com/open?id=1BAVp1S8f1CMaEgvcTVb47eV0C712mEv7,Erdinger,8,1,8,10,Clearly Alcohol,Non-alcoholic
5/19/2018 18:22:57,https://drive.google.com/open?id=1PkKSrp25P2N7WjKID1Dj1RE1xE6dk2iK,,7,6,8,1,Probably non-alcoholic,Alcoholic
5/19/2018 18:23:52,https://drive.google.com/open?id=1BL4sF78zus6UWPi293AuAZDEBwBmvcNq,,7,6,9,1,Probably non-alcoholic,Alcoholic
5/19/2018 18:24:35,https://drive.google.com/open?id=1CkJN-rB0AYtLotbpMF84ZPs9qxW_JAI4,Cashew juice,9,1,8,2,Probably non-alcoholic,Non-alcoholic
5/19/2018 18:25:19,https://drive.google.com/open?id=19FpHQ4GzcD45rcmFytmzVwSzS2SR6lON,,7,6,4,4,Probably Alcohol,Alcoholic
5/19/2018 18:26:27,https://drive.google.com/open?id=1ZSCSoM_OjKygGCbOsqhAgjNJe4fY56AZ,,1,5,3,2,Probably Alcohol,Alcoholic
5/19/2018 18:27:25,https://drive.google.com/open?id=1B3TidlrYBBYA5rnHQSGcUYXOEggXAy-t,,9,6,7,2,Clearly non-alcoholic,Alcoholic
5/19/2018 18:28:18,https://drive.google.com/open?id=16Zvl0LGdL-JuD11ybpdpdpaIJQyyc5Kz,,9,4,7,3,Probably Alcohol,Alcoholic
5/19/2018 18:29:29,https://drive.google.com/open?id=1Snv9e4uIjYQxtR-TJJcV_cT6-KvOdheu,,6,4,5,1,Probably Alcohol,Alcoholic
5/19/2018 18:30:33,https://drive.google.com/open?id=1KHjpctFTbLHHytvKHDcaNdpG3EVwXDjR,,4,3,7,2,Really can't tell,Alcoholic
5/19/2018 18:31:55,https://drive.google.com/open?id=12qAP30b7ln5h19awVxmxDrqSJsk2pGqy,,5,1,4,8,Clearly Alcohol,Alcoholic
5/19/2018 18:32:58,https://drive.google.com/open?id=1I_596Ic_9bxr2ITpVH7WBxz36X0NXtCk,Floridas Natural,8,6,7,10,Probably non-alcoholic,Non-alcoholic
5/19/2018 18:33:20,https://drive.google.com/open?id=1u-epG9VdNgYF2cZVVhM13u28VVo4SbTq,,7,3,4,2,Probably Alcohol,Alcoholic
5/19/2018 18:34:11,https://drive.google.com/open?id=1qRvxKOBiBtKqZFglutHeyUTDUU4GIxhC,,8,3,8,1,Clearly non-alcoholic,Alcoholic
5/19/2018 18:35:00,https://drive.google.com/open?id=1e5uyU7IvnGbP9uayamFJoYJeS4n1exjF,,8,4,7,1,Really can't tell,Alcoholic
5/19/2018 18:36:05,https://drive.google.com/open?id=1NVd14ps62vWIx_qIXV8oK-s4YHbFWNzf,,7,7,6,1,Probably non-alcoholic,Alcoholic
5/19/2018 18:36:21,https://drive.google.com/open?id=1oRe7IQYmVdeeuGcZPS3C_wdDZldTEDlI,Diet Coca-Cola,5,1,3,10,Clearly non-alcoholic,Non-alcoholic
5/19/2018 18:36:57,https://drive.google.com/open?id=1V2n8gJZ0o7qimFFcMKai4SY8nj_kytTl,,8,6,8,1,Clearly non-alcoholic,Alcoholic
5/19/2018 18:38:00,https://drive.google.com/open?id=1ds45C2sI-mvvMxK9lyvVMoLfXQwXrH7m,,8,7,9,1,Clearly non-alcoholic,Alcoholic
5/19/2018 18:39:07,https://drive.google.com/open?id=1vkj_A4Ic9xKpOSZJkaaOMaJ46DKo7hF5,Pineapple juice,7,2,5,10,Probably non-alcoholic,Non-alcoholic
5/19/2018 18:39:09,https://drive.google.com/open?id=1jKklPtA9dUiDdM17fTr6CKhJLpyAXXaw,,8,3,8,1,Clearly non-alcoholic,Alcoholic
5/19/2018 18:40:03,https://drive.google.com/open?id=1l-Mvd7ozh8baATNT8d-XzZvCfsjQh_EU,,9,4,9,2,Clearly non-alcoholic,Alcoholic
5/19/2018 18:41:00,https://drive.google.com/open?id=1QIahhSI4OArmeYJdfmpsP8HKz_9SPQOn,,6,2,6,1,Really can't tell,Alcoholic
5/19/2018 18:42:04,https://drive.google.com/open?id=1IwaH90389YvFGx7mgBUaLdrBUGDx2BjD,,2,3,6,1,Really can't tell,Alcoholic
5/19/2018 18:43:20,https://drive.google.com/open?id=1VrZ31S5w2Dm0O5Eg9vRnBC_23X0ha4qp,,6,7,5,1,Probably Alcohol,Alcoholic
5/19/2018 18:44:20,https://drive.google.com/open?id=1bpl-jDjjZjvOCHReqqoP6XuPdyGtaSG4,,2,8,3,1,Probably non-alcoholic,Alcoholic
5/19/2018 18:45:16,https://drive.google.com/open?id=1joyAabjsGSWd62IrGTpQhYx8DVXNI4lc,,1,7,6,1,Clearly non-alcoholic,Alcoholic
5/19/2018 18:46:27,https://drive.google.com/open?id=1HxGaNPlLf4BQT-qyt6Z_mSkEhJRa0WzI,,3,9,8,1,Really can't tell,Alcoholic
5/19/2018 18:47:26,https://drive.google.com/open?id=1vktwroIFztwpGGXoQqI2mnsgzWvgeOcD,,1,1,2,1,Really can't tell,Alcoholic
5/19/2018 18:48:33,https://drive.google.com/open?id=193EkTaFYmuJEhXB8u8vQG9exRGBJZs_T,,4,7,5,1,Probably Alcohol,Alcoholic
5/19/2018 18:49:27,https://drive.google.com/open?id=13gF9W_lvo2cvrIo-n_FqiuOLR5RgcMyW,,8,2,9,1,Clearly non-alcoholic,Alcoholic
5/19/2018 18:50:16,https://drive.google.com/open?id=1BZusVJjolCpKQsjFtaQZoqrbhBRfvWQZ,,8,3,7,2,Probably non-alcoholic,Alcoholic
5/19/2018 20:35:33,https://drive.google.com/open?id=1ymDTDS2QSD99_EOhLNyu0ETaxW6-2e_f,,6,1,5,6,Clearly non-alcoholic,Alcoholic
5/19/2018 20:36:25,https://drive.google.com/open?id=1_B-3cACNYfQ-y3bQ1QrHdKAwomSOj3CP,,8,3,7,5,Probably Alcohol,Alcoholic
5/19/2018 20:37:20,https://drive.google.com/open?id=1T1juYZouuHuGST1tHK-ARIYkC4Cb5y3v,,8,7,8,7,Probably Alcohol,Alcoholic
5/19/2018 20:38:37,https://drive.google.com/open?id=1YKotdDz9ehmAOoeIteZr_JpiIDnq9TBE,,4,3,4,1,Really can't tell,Alcoholic
5/19/2018 20:40:17,https://drive.google.com/open?id=1FW-TCpOz_9WgCnVb0L0e5jXJfzdsvIwT,,8,4,3,2,Probably Alcohol,Alcoholic
5/19/2018 20:41:10,https://drive.google.com/open?id=1F8T9niRraUbfFUijPcMyzKq8r_9BkP6f,,10,9,10,1,Clearly non-alcoholic,Alcoholic
5/19/2018 20:42:02,https://drive.google.com/open?id=1KZpWD71t1Eu7IaMve_MOwk0nnUhVRCTB,,8,2,7,5,Really can't tell,Alcoholic
5/19/2018 20:43:09,https://drive.google.com/open?id=1j1mHByX67FuJIYfr1AeGP9tuU_kJNHGE,,4,3,3,10,Clearly Alcohol,Alcoholic
5/19/2018 20:44:08,https://drive.google.com/open?id=1PUX2M5GJ3KY4BcR935fkNYtyfIDrxdPu,,4,6,6,6,Clearly Alcohol,Alcoholic
5/19/2018 20:45:03,https://drive.google.com/open?id=1rTqwlmoFM6d54PgG4O5yR0dZf7kooe4w,,8,6,7,8,Clearly non-alcoholic,Alcoholic
5/19/2018 20:46:07,https://drive.google.com/open?id=1XbzsxQA6JDFTqSctNW94UUWzkyiA4p2-,gamma ray,9,9,8,1,Really can't tell,Alcoholic
5/19/2018 20:47:01,https://drive.google.com/open?id=1l8CaxNnNbW2b7uPYAPg7dJ_2jXTQHJvm,,8,8,6,7,Probably Alcohol,Alcoholic
5/19/2018 20:51:22,https://drive.google.com/open?id=1Y5-XZzX_C-GiqR_cN15lDhD9i0Zan309,,4,1,2,8,Clearly Alcohol,Non-alcoholic
5/19/2018 21:48:46,https://drive.google.com/open?id=1qn66LV0ShF54Xzd_kYL_TiCtmWrzgodU,,1,7,6,1,Clearly non-alcoholic,Alcoholic
5/19/2018 21:49:50,https://drive.google.com/open?id=1pL0dSmrX24XQRieVDRkoW9zFxB2I3AQu,,7,6,8,1,Clearly non-alcoholic,Alcoholic
5/19/2018 21:51:42,https://drive.google.com/open?id=1qg4ISUqQsueFY6t2lSypgYPkxj_Se4Ey,,8,7,5,1,Really can't tell,Alcoholic
5/19/2018 21:53:41,https://drive.google.com/open?id=1pEMjkqBnpqz9NgpJRKQSJKMZJ2o0JSAQ,,8,7,6,1,Probably non-alcoholic,Alcoholic
5/19/2018 21:54:46,https://drive.google.com/open?id=1e-gb2RHjpoBOGmF84LGQHdasD57tknrf,,6,6,6,6,Probably Alcohol,Alcoholic
5/19/2018 21:55:43,https://drive.google.com/open?id=1CLGoiQ5hiva0jWxZCA0-fX1d9T-gjYQ9,,5,4,7,1,Probably Alcohol,Alcoholic
5/19/2018 21:56:54,https://drive.google.com/open?id=1qIbC3wOA2NLmHU1gANaebBI5yONWpoMO,,4,8,5,1,Really can't tell,Alcoholic
5/19/2018 21:57:57,https://drive.google.com/open?id=1LNRLkhVFXP5QIL0mAOMDRYI_f4HWIik4,,8,7,7,1,Probably non-alcoholic,Alcoholic
5/19/2018 21:59:24,https://drive.google.com/open?id=1edpSL7v89q09pJQ-8qvOMoOVIfeKugNs,,3,8,8,1,Probably Alcohol,Alcoholic
5/19/2018 22:00:39,https://drive.google.com/open?id=1f4S4WKwjgT4OEyhZq9ZRqSnGn-2zbuW3,,8,8,8,1,Probably Alcohol,Alcoholic
5/19/2018 22:01:53,https://drive.google.com/open?id=1Zt9Zimb5eXVr_FNw6d7NQhf99zW7Nidv,,7,8,9,1,Really can't tell,Alcoholic
5/19/2018 22:03:12,https://drive.google.com/open?id=1FDT3x1oUHrYyJtFSkpd6mtn1ZXNC-QQT,,7,8,7,2,Probably Alcohol,Alcoholic
5/19/2018 22:04:16,https://drive.google.com/open?id=126Udfy-zOt8zRzk7iRerfUaoRXrkwhZP,,7,10,10,1,Clearly non-alcoholic,Alcoholic
5/19/2018 22:05:13,https://drive.google.com/open?id=1NXEnNL9caR96gg3SdSt3BAZjJrDhtM3B,,8,9,10,1,Clearly non-alcoholic,Alcoholic
5/19/2018 22:06:33,https://drive.google.com/open?id=1XfHl4JrRn0OCjCvyfIv4oc57WeYXuMN0,,7,6,7,4,Probably Alcohol,Alcoholic
5/19/2018 22:07:33,https://drive.google.com/open?id=1vGwwCKMTXDHKGg6pfDAuJNzfPxPrUbHL,,2,9,10,1,Really can't tell,Alcoholic
5/19/2018 22:08:50,https://drive.google.com/open?id=1i1O6B5Gqt_bWUv8ezHkcfmMK611w4CTw,,7,9,10,1,Probably Alcohol,Alcoholic
5/19/2018 22:09:35,https://drive.google.com/open?id=1j1fjhaW-nD0QPeUues_Omi0K4lLqT57y,,7,2,5,1,Really can't tell,Alcoholic
5/19/2018 22:10:44,https://drive.google.com/open?id=16NJVYY_njvFKveUxGlf1SYkAVYavJwpo,,8,6,4,1,Probably Alcohol,Alcoholic
5/19/2018 22:12:06,https://drive.google.com/open?id=1oDTOu5IXSd7hnxyYsduHcKFIAeyojbwf,,6,7,8,3,Probably Alcohol,Alcoholic
5/19/2018 22:13:19,https://drive.google.com/open?id=1nt2T9L9mMk7-baWq0eLgyGtL4eHPjDCi,,2,7,9,1,Clearly non-alcoholic,Alcoholic
5/19/2018 22:14:16,https://drive.google.com/open?id=1FSHnFyk6WDj59-sSQgNGE8n8KmhiOUrv,,10,1,4,1,Clearly non-alcoholic,Alcoholic
5/19/2018 22:16:24,https://drive.google.com/open?id=1KdCzBSJafZzhD_ejAzQ2f8jxRCBl3uXN,,5,2,5,3,Really can't tell,Alcoholic
5/19/2018 22:17:44,https://drive.google.com/open?id=1D1zMvt2BnRLFHftAncqUa7DrjQGMGi2n,,7,7,5,2,Probably Alcohol,Alcoholic
5/19/2018 22:19:55,https://drive.google.com/open?id=1_Pxo5gZ0RRJNSDvXCXt73OfdxFZqO4VK,,4,4,7,2,Probably non-alcoholic,Alcoholic
5/19/2018 22:20:49,https://drive.google.com/open?id=1ZVEkoReP82M5Viz_LBv4OlgWmRzYH4lQ,,6,3,6,4,Clearly Alcohol,Alcoholic
5/19/2018 22:21:38,https://drive.google.com/open?id=1AZtZZ4o3GvrNOu2leBMZB_YyY8y-JRkZ,,5,3,7,2,Probably Alcohol,Alcoholic
5/19/2018 22:22:35,https://drive.google.com/open?id=1xQMd-vT84qYY0TCcFnM2FlLZRk2ca3T7,,8,6,5,2,Probably Alcohol,Alcoholic
5/19/2018 22:23:25,https://drive.google.com/open?id=1XKDYY_dT_UPqMPkdzuea9MtHmlzGOTV6,,8,4,6,2,Probably Alcohol,Alcoholic
5/19/2018 22:24:20,https://drive.google.com/open?id=1VMpmUAdWBYlm1agLRGrhtnR_iuIXFf2U,,8,5,7,2,Really can't tell,Alcoholic
5/19/2018 22:25:36,https://drive.google.com/open?id=1CsdWA4P65aYRSRnKHu2GYxOQ3AcWpmGg,,1,9,10,1,Clearly non-alcoholic,Alcoholic
5/19/2018 22:28:17,https://drive.google.com/open?id=1IKMj6LiBtk3M_dHCmGJ8uFsp09Rx2opF,,6,2,7,1,Clearly non-alcoholic,Alcoholic
5/19/2018 22:29:21,https://drive.google.com/open?id=125Q9fl8U6GSVhfGpOHilSjEguj4ZQTMY,,8,8,10,1,Probably non-alcoholic,Alcoholic
5/19/2018 22:30:58,https://drive.google.com/open?id=1Aj6EfIyVCdiUbMsJG9bCOIihFYHOnLtI,,8,4,7,1,Clearly non-alcoholic,Alcoholic
5/19/2018 22:38:17,https://drive.google.com/open?id=1XZHfRKGJNevcVCiUFT4YzQReIoe5jvVZ,,8,7,9,2,Really can't tell,Alcoholic
5/19/2018 22:39:27,https://drive.google.com/open?id=1dNfCZTHwDFLa4Aj8BwXIEWmyguTFNxNS,,6,4,2,1,Really can't tell,Alcoholic
5/19/2018 22:40:28,https://drive.google.com/open?id=1DHNgz81viFmRVl_4ZPTYpxFs42Ih4iA3,,7,9,6,2,Really can't tell,Alcoholic
5/19/2018 22:41:23,https://drive.google.com/open?id=1SpHQIXcWSPEOxqjCXNQArZ9wAWL9TuDy,,7,6,5,2,Probably Alcohol,Alcoholic
5/19/2018 22:42:23,https://drive.google.com/open?id=1RQ_hrVkbWjb3StKN5lJU7R_Vwvs8tc9_,,7,8,5,1,Really can't tell,Alcoholic
5/19/2018 22:43:42,https://drive.google.com/open?id=1qmEMBbw6TuOFFW_PgH20KTaaBt4YEFGQ,,7,9,6,2,Probably Alcohol,Alcoholic
5/19/2018 22:45:58,https://drive.google.com/open?id=1KI7G2Q_lezKsosuZZodc7wdlAB15WZYI,,2,1,3,1,Clearly non-alcoholic,Alcoholic
5/19/2018 22:47:00,https://drive.google.com/open?id=1R7cXtk68-dpvSVKDl058tKZAjNu0H5mn,,7,4,10,1,Probably non-alcoholic,Alcoholic
5/19/2018 22:48:15,https://drive.google.com/open?id=1JXEo3oTVC19It-IhDXZrGfdURxmiybE9,,8,8,9,1,Clearly non-alcoholic,Alcoholic
5/19/2018 22:49:34,https://drive.google.com/open?id=1WbnBv-nwaC5mz54VuKFiMvey_vTVZ3yg,,1,1,7,1,Clearly non-alcoholic,Alcoholic
5/19/2018 22:52:59,https://drive.google.com/open?id=1SeJBguH94hk7UcDwtcKyQuKgiW6wHJG5,,1,10,10,1,Clearly non-alcoholic,Alcoholic
5/19/2018 22:54:24,https://drive.google.com/open?id=1PRcJekn5XfpM9tikvCrjEwG2NLdRO_7m,,9,7,10,1,Probably non-alcoholic,Alcoholic
5/19/2018 22:55:32,https://drive.google.com/open?id=1PBKxTGxjq6YafkeW1HSCeGbfR4U7vHmU,,9,9,9,2,Probably non-alcoholic,Alcoholic
5/19/2018 22:56:33,https://drive.google.com/open?id=1Fhj0ZK855HuGEX-2-_An5OR5AwhURRa_,,7,7,5,1,Clearly non-alcoholic,Alcoholic
5/19/2018 22:57:39,https://drive.google.com/open?id=1VUmaEX0qj43PaWm4oT_Giq2CQ13mJO3I,Bud,5,1,9,5,Clearly Alcohol,Non-alcoholic
5/19/2018 22:57:45,https://drive.google.com/open?id=1L6o81MBPzpGpENqSQ0SwUZLwJq495lY4,,6,8,10,1,Clearly non-alcoholic,Alcoholic
5/19/2018 22:58:47,https://drive.google.com/open?id=1gDki4d_zSo6jw0KaNRQ01BtQIVOmbFIN,,7,5,5,1,Clearly non-alcoholic,Alcoholic
5/19/2018 22:59:09,https://drive.google.com/open?id=1JSZzJYZaX4lWldashPqclVguNdmBkCVa,Asahi,7,1,8,10,Probably Alcohol,Non-alcoholic
5/19/2018 23:00:26,https://drive.google.com/open?id=1TVrSHOs2QsKrqKG0BXfJZVvsv9xfSQkW,Premium,6,1,6,5,Probably non-alcoholic,Non-alcoholic
5/19/2018 23:01:26,https://drive.google.com/open?id=1DUhbPw94UEHNTnoyM2Fa6gK0m9WAC8cU,,8,6,7,1,Clearly non-alcoholic,Alcoholic
5/19/2018 23:01:47,https://drive.google.com/open?id=1gDkZ6obYsE3XqM9mR2B6s-KIM9E9cAvN,Britvic,8,1,6,10,Probably non-alcoholic,Non-alcoholic
5/19/2018 23:02:53,https://drive.google.com/open?id=1gBiyHu-jU3VTPRYhgiuYboOFIOQKLWDn,Sparkling,7,1,5,10,Clearly non-alcoholic,Non-alcoholic
5/19/2018 23:03:57,https://drive.google.com/open?id=1OxN9CxbEfGETzE0D51D9kerWp3wQgN_o,Barloo,5,1,6,10,Probably non-alcoholic,Non-alcoholic
5/19/2018 23:04:42,https://drive.google.com/open?id=1E2PvxnPhW3iMB035zFtf_V59vmwaFwOQ,Campbells,8,1,7,10,Clearly non-alcoholic,Non-alcoholic
5/19/2018 23:05:37,https://drive.google.com/open?id=1dMuPToLYtd7JMPoQTJbsWcpFHxXQQfBQ,Arizona,9,1,7,4,Probably non-alcoholic,Non-alcoholic
5/19/2018 23:06:29,https://drive.google.com/open?id=17sWdfwlUtfeJy4-uum3y-3g8k5Um4yCq,Ruby kist,8,1,8,10,Probably non-alcoholic,Non-alcoholic
5/19/2018 23:07:47,https://drive.google.com/open?id=13RDOslxzTPBK9ZLJQGiKT5SQ31vmsZka,Great value,5,1,6,10,Clearly non-alcoholic,Non-alcoholic
5/19/2018 23:08:35,https://drive.google.com/open?id=1heMKpL-YcZrtdBuBpnGCDGTXPBdHBF0n,Dei Fratelli,8,1,7,10,Clearly non-alcoholic,Non-alcoholic
5/19/2018 23:09:41,https://drive.google.com/open?id=1BdGo70VecLCZWbK8RUI4_jsoiibEJqmQ,Vinut,9,1,8,7,Probably non-alcoholic,Non-alcoholic
5/19/2018 23:10:34,https://drive.google.com/open?id=1MwPFm4SWeOhaYffoGrNOrGMylunf4hX9,sammi,8,1,7,9,Clearly non-alcoholic,Non-alcoholic
5/19/2018 23:11:21,https://drive.google.com/open?id=1uoT9nvrZgPv7abaU6dpTvECy2LaGAldg,jojonavi,8,1,7,9,Clearly non-alcoholic,Non-alcoholic
5/19/2018 23:12:48,https://drive.google.com/open?id=123zOLfFOH58-JJqyEXNtqdKRd5JOipg6,fanta berry,6,1,8,8,Probably non-alcoholic,Non-alcoholic
5/19/2018 23:13:48,https://drive.google.com/open?id=1owoQR3jm52dOZUNyy6LJa-2sLYJ49i6A,fanta grape,7,1,7,8,Probably non-alcoholic,Non-alcoholic
5/19/2018 23:14:35,https://drive.google.com/open?id=15o0wQSkFjufUOI_mKXxYfH6gB3Nceskx,fanta orange,8,1,7,9,Probably non-alcoholic,Non-alcoholic
5/19/2018 23:15:27,https://drive.google.com/open?id=19TTvnbhUq0NU6gcyMb6FgWpEwpvIN5x0,fanta orange (2),6,1,8,8,Probably non-alcoholic,Non-alcoholic
5/19/2018 23:16:22,https://drive.google.com/open?id=1IsQCyU0FSOsvQyYvv97EOnnnZp5o14Jj,ben shaws,5,1,8,4,Probably non-alcoholic,Non-alcoholic
5/19/2018 23:17:20,https://drive.google.com/open?id=1GMKz25piN5Lqzapp_f5OTFOU65NjgVog,Old jamaica,7,1,8,3,Probably non-alcoholic,Non-alcoholic
5/19/2018 23:18:33,https://drive.google.com/open?id=1pfz_r4WysVfT2N_alRqIk6DGhxbmNwDt,ting,9,1,9,7,Probably non-alcoholic,Non-alcoholic
5/19/2018 23:19:46,https://drive.google.com/open?id=1jmKgVrtgS-voAQhCIhHMzR8PV9Aghfiu,moxie,5,4,8,1,Probably Alcohol,Non-alcoholic
5/19/2018 23:20:38,https://drive.google.com/open?id=1KxDwEVJ9L3gXD964AP523N-L058X4xmh,A&W,5,1,8,6,Probably non-alcoholic,Non-alcoholic
5/19/2018 23:21:27,https://drive.google.com/open?id=17P_9PIYpioKwJeNHI-v17XEjRQ9CNajn,Kirks,7,3,9,6,Probably non-alcoholic,Non-alcoholic
5/19/2018 23:22:30,https://drive.google.com/open?id=16Be5_desbYjRWdRM6_Ez_p9OM9j7Odt3,Coca Cola classic,5,1,8,10,Clearly non-alcoholic,Non-alcoholic